Movie,Genre,Description
Mountain Rescue,Action,A climber leads a team to save stranded hikers.
Night Chase,Action,A detective races through the city to catch a thief.
The Last Guard,Action,A brave guard protects a village from raiders.
Desert Mission,Action,A pilot crosses the desert to deliver medicine.
Racing Storm,Action,A young driver enters a dangerous race.
Hidden Fortress,Action,A group of friends defend an old fort.
River Escape,Action,A family escapes danger by traveling down a river.
Sky Patrol,Action,A pilot helps protect the town from trouble.
The Brave Captain,Action,A ship captain leads a crew through a storm.
City Heroes,Action,Two friends stop a gang from robbing a bank.
Jungle Trail,Action,An explorer searches for a missing team in the jungle.
Fast Wheels,Action,A mechanic joins a race to save the family garage.
The Rescue Team,Action,A team of workers saves people after an earthquake.
Midnight Mission,Action,A secret agent tries to recover a stolen plan.
Mountain Warriors,Action,A small team protects their mountain home.
The Great Escape,Action,A prisoner plans a daring escape with his friends.
Coastal Patrol,Action,A coast guard crew searches for a lost boat.
Secret Operation,Action,A trained team works to stop a dangerous plot.
The Golden Shield,Action,A young hero protects a town from invaders.
Road to Victory,Action,A determined racer competes against a famous champion.
Storm Riders,Action,A group of cyclists cross a stormy mountain pass.
Fire Rescue,Action,Firefighters work together to save a trapped family.
The Lost Map,Action,Two explorers follow a map to find a hidden temple.
Steel Mission,Action,A builder uses his skills to protect a factory.
The Final Race,Action,A driver must win one last race to help a friend.
Island Defenders,Action,Island residents stand together against pirates.
Rapid Response,Action,A rescue team answers a call during a city blackout.
The Eagle Flight,Action,A pilot flies a dangerous route to deliver a message.
Brave on the Bridge,Action,A guard protects a bridge during a town emergency.
Summer Promise,Romance,Two classmates become close while working on a school play.
Letters in Spring,Romance,A young woman finds love through old letters.
The Bookshop Couple,Romance,Two neighbors share a love of books and coffee.
A Walk Together,Romance,A shy student and a musician grow closer on daily walks.
The Seaside Promise,Romance,Two childhood friends meet again by the sea.
Love at the Cafe,Romance,A cafe owner falls for a regular customer.
The Wedding Plan,Romance,Two friends discover their feelings while planning a wedding.
Dancing Hearts,Romance,A dancer finds love while preparing for a big show.
The Garden Letter,Romance,A gardener and a writer bond over a shared garden.
One Rainy Day,Romance,Two strangers share an umbrella and begin a friendship.
The Music Lesson,Romance,A piano teacher and a student find happiness together.
A Small Town Love,Romance,Two shopkeepers fall in love in a quiet town.
The Train Home,Romance,Two travelers meet on a train and stay in touch.
Autumn in Paris,Romance,A couple enjoys a new beginning during a trip to Paris.
The Blue Scarf,Romance,A lost scarf brings two neighbors together.
Sunday at the Park,Romance,Two parents meet while taking their children to the park.
Love on the Farm,Romance,A visitor and a farmer grow fond of each other.
The Dance Card,Romance,A young couple prepares for their first dance.
A Letter for Mia,Romance,A kind letter helps two old friends reconnect.
The Flower Shop,Romance,Two coworkers discover love while running a flower shop.
The Summer Guest,Romance,A guest at a family home falls for the local guide.
A Song for Us,Romance,A singer writes a song for someone special.
The Old Bridge,Romance,Two people meet again at the place where they first met.
The Little Bakery,Romance,A baker and a customer share a sweet friendship.
Love in the Library,Romance,Two readers meet while searching for the same book.
The Red Umbrella,Romance,A rainy day brings a new couple together.
A Fresh Start,Romance,Two people rebuild their lives and find love.
The Morning Train,Romance,Daily train rides bring two commuters closer.
A Promise Kept,Romance,Two friends keep a promise and discover lasting love.
The Comedy Club,Comedy,A nervous waiter accidentally becomes a popular comedian.
Roommate Trouble,Comedy,Two very different roommates cause funny problems.
The Missing Cake,Comedy,A family searches for a cake before a birthday party.
Grandpa on Vacation,Comedy,A grandfather takes his family on a silly trip.
The Clumsy Chef,Comedy,A new chef makes a mess while learning to cook.
Pets at Work,Comedy,Office workers try to hide their pets from the boss.
The Wrong Suitcase,Comedy,Two travelers swap bags at the airport.
A Very Busy Day,Comedy,A shop owner handles one surprising problem after another.
The School Band,Comedy,A group of students tries to start a band.
The Sleepy Detective,Comedy,A tired detective solves a case between naps.
The Great Bake Off,Comedy,Friends compete in a baking contest with funny results.
Uncle Max Moves In,Comedy,A family learns to live with a very lively uncle.
The Talent Show,Comedy,Neighbors prepare unusual acts for a town show.
The Lucky Bus,Comedy,A bus driver helps passengers through a mixed up journey.
The New Neighbor,Comedy,A friendly neighbor keeps starting unexpected projects.
A Dog Named Pickles,Comedy,A playful dog causes trouble at a family picnic.
The Office Picnic,Comedy,Co-workers get lost while planning a company picnic.
The Tiny Hotel,Comedy,A family tries to run a very small hotel.
The Birthday Surprise,Comedy,Friends work hard to plan a surprise party.
The Talking Parrot,Comedy,A parrot repeats secrets around a quiet neighborhood.
The Garage Band,Comedy,A group of parents forms a band for charity.
The Fancy Dinner,Comedy,A simple dinner becomes a funny evening for two families.
The Lost Remote,Comedy,Everyone in the house searches for the television remote.
The Town Mascot,Comedy,A shy student becomes the town's unexpected mascot.
A Day at the Zoo,Comedy,A family outing at the zoo turns into a wild adventure.
The Helpful Robot,Comedy,A robot tries to help but misunderstands every task.
The Costume Party,Comedy,Friends arrive at the wrong party in silly costumes.
The Big Clean Up,Comedy,Neighbors compete to clean the town square.
The Family Photo,Comedy,A family tries to take one perfect picture.
The Long Goodbye,Drama,A family gathers to say goodbye to their old home.
A New Beginning,Drama,A young teacher starts over in a small town.
The Quiet Painter,Drama,An artist finds hope after losing his job.
Home After Years,Drama,A daughter returns home to care for her father.
The Empty Seat,Drama,A student helps a new classmate feel welcome.
A Father's Promise,Drama,A father works hard to keep a promise to his son.
The Last Garden,Drama,Neighbors join together to save a community garden.
The School Principal,Drama,A principal helps students overcome difficult challenges.
Letters to Home,Drama,A soldier writes to his family while far away.
The Winter House,Drama,A family learns to support each other during a hard winter.
A Place to Belong,Drama,A new student searches for a place among classmates.
The Old Photograph,Drama,A photograph helps a woman understand her family's past.
The Music Room,Drama,A retired musician teaches children to play instruments.
The Long Journey,Drama,A brother and sister travel to visit their grandmother.
A Second Chance,Drama,A former athlete works to rebuild his life.
The Empty Stage,Drama,A theater group tries to save its local hall.
The New Nurse,Drama,A nurse learns the stories of people in her new town.
The Family Farm,Drama,Three siblings decide what to do with their family farm.
A Better Tomorrow,Drama,A community works together after a difficult year.
The Small Gift,Drama,A child brings joy to a lonely neighbor.
The Last Lesson,Drama,A teacher inspires a student to follow a dream.
The Open Door,Drama,A family welcomes a new member into their home.
The Long Walk,Drama,A young man travels home to make peace with his brother.
The Town Choir,Drama,A group of neighbors finds friendship through singing.
The First Day,Drama,A new student faces worries and makes a close friend.
A Mother's Story,Drama,A mother shares her life story with her children.
The Night Garden,Sci-Fi,A gardener discovers plants that glow under moonlight.
Journey to Mars,Sci-Fi,A small crew travels to build a home on Mars.
The Time Watch,Sci-Fi,A student finds a watch that can pause time.
Robot School,Sci-Fi,A friendly robot learns alongside children at school.
The New Planet,Sci-Fi,A family searches for a safe place on another planet.
The Moon Station,Sci-Fi,Workers at a moon base solve a strange mystery.
Future City,Sci-Fi,A young inventor tries to improve life in a busy city.
The Star Traveler,Sci-Fi,A pilot explores a distant part of the galaxy.
The Last Signal,Sci-Fi,A radio operator receives a message from space.
A Day in 2100,Sci-Fi,A student sees how people may live in the future.
The Memory Machine,Sci-Fi,A scientist builds a machine that records memories.
The Floating House,Sci-Fi,A family lives in a home above the clouds.
The Silver Comet,Sci-Fi,Friends watch a comet and discover a hidden visitor.
The Space Garden,Sci-Fi,A crew grows fresh food on a faraway planet.
The Talking Computer,Sci-Fi,A computer helps a family solve a daily problem.
The Time Traveler,Sci-Fi,A traveler visits the past to understand the present.
The Glass Planet,Sci-Fi,Explorers land on a planet covered in shining rocks.
The Robot Helper,Sci-Fi,A small robot helps an inventor finish a project.
Beyond the Stars,Sci-Fi,A young pilot searches for a lost space ship.
The Future Library,Sci-Fi,A librarian protects books in a world run by machines.
The Deep Space Team,Sci-Fi,A crew works together to repair their space station.
The Invisible City,Sci-Fi,A child discovers a city hidden from ordinary view.
The New Moon,Sci-Fi,Scientists find a small moon near Earth.
The Solar Train,Sci-Fi,Passengers ride a train powered by sunlight.
The Star Map,Sci-Fi,Two friends use a map to explore the galaxy.
The Blue Planet,Sci-Fi,A team studies a planet with strange blue oceans.
The Last Message,Sci-Fi,A space explorer sends one final message to Earth.
The Quiet House,Thriller,A family hears strange sounds in their new house.
The Missing Key,Thriller,A student searches for a key before the school closes.
Shadows at Noon,Thriller,A reporter follows clues about a secret meeting.
The Locked Room,Thriller,A detective investigates a mystery in a locked room.
The Silent Road,Thriller,A traveler gets lost on a road with no signs.
The Late Visitor,Thriller,A family is surprised by a visitor after midnight.
The Hidden Camera,Thriller,A hotel guest discovers a camera in the room.
The Empty Train,Thriller,A passenger tries to learn why a train is deserted.
The Dark Hallway,Thriller,A night guard investigates lights in an empty building.
The Secret Note,Thriller,A student receives a note that leads to a mystery.
The Last Phone Call,Thriller,A woman follows clues from a strange phone call.
The Closed Museum,Thriller,A guard hears a noise after the museum closes.
The Foggy Bridge,Thriller,A driver stops to help someone on a foggy bridge.
The Unknown Guest,Thriller,A couple finds an unexpected person in their guest house.
The Vanishing Painting,Thriller,A museum worker searches for a missing painting.
The Back Door,Thriller,A family notices that their back door keeps opening.
The Red Notebook,Thriller,A reporter finds a notebook filled with secret plans.
The Quiet Visitor,Thriller,A neighbor arrives with a story that does not add up.
The Last Elevator,Thriller,A worker gets trapped in an elevator after closing.
The Empty Office,Thriller,A new employee finds a mystery at work.
The Storm Warning,Thriller,A family seeks shelter as a storm approaches.
The Secret Tunnel,Thriller,A group of friends finds a tunnel under their school.
The Missing Driver,Thriller,A detective searches for a driver who vanished overnight.
The Old Hotel,Thriller,A guest discovers a mystery inside an old hotel.
The Strange Package,Thriller,A shop owner receives a package with no name.
The Hidden Room,Thriller,A child finds a small hidden room in the house.
The Midnight Visitor,Thriller,A guard investigates a visitor at a quiet factory.
The Stolen Painting,Crime,A detective follows clues to find a famous painting.
The Honest Cop,Crime,A police officer tries to stop a group of robbers.
The City Case,Crime,A young detective solves a robbery in the city.
The Missing Wallet,Crime,A shopkeeper helps police find a pickpocket.
The Old Case,Crime,A retired detective looks into an unsolved mystery.
The Bank Job,Crime,A team plans a robbery and a detective follows them.
The Secret Witness,Crime,A witness helps a detective uncover the truth.
The Night Market,Crime,A police officer searches for a stolen bag at a market.
The Stolen Bicycle,Crime,A boy helps a neighbor find a missing bicycle.
The False Alibi,Crime,A detective checks the stories of several suspects.
The Safe Breaker,Crime,A clever detective tries to catch a safe robber.
The Small Clue,Crime,A young officer solves a case using one small clue.
The Art Thief,Crime,A museum detective tracks a thief who steals old art.
The Last Heist,Crime,A detective tries to stop a final robbery.
The Corner Shop,Crime,A shop owner helps police identify a regular thief.
The Hidden Cash,Crime,A family finds money linked to a city crime.
The River Case,Crime,A detective searches the riverbank for evidence.
The Quick Getaway,Crime,A police team works to catch two escaping robbers.
The Broken Lock,Crime,A caretaker reports a break in at the town hall.
The New Detective,Crime,A new detective solves a case with help from a partner.
The Lost Necklace,Crime,A detective returns a stolen necklace to its owner.
The Station Robbery,Crime,Police investigate a robbery near the train station.
The Secret Driver,Crime,A detective looks for the driver who helped a thief.
The Final Clue,Crime,Two officers use a final clue to solve a case.
The Market Thief,Crime,A shop owner recognizes someone stealing from local stalls.
The Quiet Suspect,Crime,A detective questions a quiet man about a missing painting.
The Missing File,Crime,A clerk and a police officer search for an important file.
The Town Robbery,Crime,Neighbors help police find who robbed the town store.
The Missing Badge,Crime,A police officer searches for a badge stolen from the station.
The Harbor Case,Crime,A detective investigates a theft near the harbor.
The Broken Window,Crime,A shop owner helps police find who broke into the store.
The Clever Suspect,Crime,A detective solves a case by checking one surprising detail.
The Safe Return,Crime,Police work together to return stolen money to a local bank.
